"Szene","Kategorie","Charakter","Mikrofon","Text/Anweisung"
"1","Szenenbeginn","","",""
"1","Anweisung","","","Die Bühne ist dunkel."
"1","Schauspieler"," SEELE 1","11","(off) Hallo, ist da wer?"
"1","Schauspieler"," SEELE 2","9","(off) Ja, hier drüben."
"1","Schauspieler"," SEELE 1","11","(off) Wo ist drüben?"
"1","Schauspieler"," SEELE 2","9","(off) Na, hier."
"1","Anweisung","","","Das Licht geht gedimmt an. SEELE 1 kommt von links auf die Bühne gestolpert."
"1","Schauspieler","SEELE 1","11","Das hat jetzt nicht wirklich weitergeholfen."
"1","Anweisung","","","SEELE 2 kommt von rechts auf die Bühne gestolpert."
"1","Schauspieler","SEELE 2","9","Wir haben uns gefunden, das ist doch das Wichtigste."
"1","Schauspieler","SEELE 1","11","Fantastisch, können Sie mir erklären, wo wir hier sind?"
"1","Schauspieler","SEELE 2","9","Ich weiß auch nicht, wie wir hier gelandet sind."
"1","Anweisung","","","Das Licht hinter dem Vorhang geht an. Man sieht die Silhouette des TEUFELS. Die Bühne färbt sich rot."
"1","Schauspieler","TEUFEL","1","Wir haben Besuch. Wie erfreulich."
"1","Schauspieler","SEELE 1","11","Wer spricht da?"
"1","Schauspieler","TEUFEL","1","Oh, ich habe viele Namen. Alle aufzuzählen würde zu lange dauern."
"1","Schauspieler","SEELE 2","9","Wir sollten hier verschwinden."
"1","Schauspieler","TEUFEL","1","Versucht es doch."
"1","Schauspieler","SEELE 1","11","Schnell hier entlang."
"1","Anweisung","","","Die SEELEN rennen nach links ab."
"1","Schauspieler"," SEELE 2","9","(off) Sie sind sich sicher, dass wir hier wegkommen."
"1","Schauspieler"," SEELE 1","11","(off) Absolut, wir sind gleich da."
"1","Anweisung","","","Die SEELEN kommen hinter dem Vorhang von links auf die Bühne und schleichen sich in den TEUFEL. Der TEUFEL erschrickt sie."
"1","Schauspieler","TEUFEL","1","Buh."
"1","Anweisung","","","SEELE  1 springt SEELE  2 schreiend um den Hals."
"1","Schauspieler","TEUFEL","1","Willkommen in der Hölle."
"1","Anweisung","","","Der TEUFEL lacht diabolisch. Es blitzt kurz und dann wird die Bühne dunkel."
"2","Szenenbeginn","","",""
"2","Anweisung","","","LILLITH, ASMODIA und MAMMONIA kommen von links."
"2","Schauspieler","MAMMONIA","8","Es wird mal wieder Zeit für ein Meeting. Das letzte ist schon mindestens drei Ewigkeiten her."
"2","Schauspieler","ASMODIA","7","Wegen mir hätte es keines gebraucht."
"2","Schauspieler","LILLITH","4","Ja, lasst mich raten: Das wird wieder eine One-Man-Show, in der sich unser werter Herr Höllenherrscher selbst beweihräuchern kann."
"2","Anweisung","","","MAMMONIA:Die Nachricht klang allerdings sehr dringend. Habt ihr die Einladung nicht gelesen?"
"2","Schauspieler","ASMODIA","7","Überflogen."
"2","Anweisung","","","Unangenehme Stille"
"2","Schauspieler","LILLITH","4","Dieser Egomane lässt uns mal wieder warten."
"2","Anweisung","","","LIED: Highway to hell"
"2","Schauspieler","ASMODIA","7","Wo kommt das her?"
"2","Schauspieler","LILLITH","4","Er liebt große Auftritte."
"2","Anweisung","","","Die Musik spielt und kurz darauf fällt der Vorhang herunter. Der TEUFEL steigt mehrere Stufen herunter und steht nun vor den anderen."
"2","Schauspieler","TEUFEL","1","Herzlich Willkommen zu unserem höllischen Meeting. Schön, dass ihr alle erschienen seid."
"2","Schauspieler","LILLITH","4","Oh, die Freude ist ganz meinerseits."
"2","Schauspieler","TEUFEL","1","Beelzebub. (klatscht in die Hände)"
"2","Anweisung","","","BEELZEBUB kommt von links und schiebt dem Teufel einen Stuhl hin."
"2","Schauspieler","TEUFEL","1","Danke dir, mein Junge."
"2","Schauspieler","BEELZEBUB","10","Warte nur, eines Tages,..."
"2","Schauspieler","TEUFEL","1","Was hast du gesagt?"
"2","Schauspieler","BEELZEBUB","10","Es ist mir wie immer ein Vergnügen euch zu dienen."
"2","Schauspieler","TEUFEL","1","So nämlich."
"2","Anweisung","","","BEELZEBUB geht nach links ab."
"2","Schauspieler","TEUFEL","1","Ihr fragt euch sicher, warum ich euch einberufen habe."
"2","Schauspieler","ASMODIA","7","Schien ja wahnsinnig wichtig."
"2","Schauspieler","TEUFEL","1","Das ist es meine Liebe: Wir haben Besuch aus dem Himmel."
"2","Anweisung","","","Die DÄMONEN blicken sich erschrocken an."
"2","Schauspieler","TEUFEL","1","Ich würde euch ja erzählen, was unser Gast zu berichten hat, aber das wollte er euch gerne selbst sagen."
"2","Anweisung","","","GABRIEL kommt von hinten. Die DÄMONEN fauchen."
"2","Schauspieler","GABRIEL","9","Seid gegrüßt. Ich bringe Kunde aus dem Himmel. Wir haben Rat gehalten und uns eure Zahlen angeschaut und dabei festgestellt, dass ihr in den letzten sechs Ewigkeiten nicht effizient genug gearbeitet habt."
"2","Schauspieler","TEUFEL","1","Was soll denn hier heißen, nicht effizient genug gearbeitet? Wir haben täglich hunderte Seelen gequält."
"2","Schauspieler","GABRIEL","9","Das ist nicht gut genug. Schaut euch mal das Bösimeter an. Es ist auf einem Tiefstand."
"2","Schauspieler","MAMMONIA","8","Das stimmt leider. Rein statistisch gesehen war der Stand des Bösimeters noch nie so niedrig wie aktuell."
"2","Schauspieler","GABRIEL","9","Exakt. Es muss ein Gleichgewicht zwischen gut und böse, Himmel und Hölle herrschen. Und um dieses Gleichgewicht wiederherzustellen, müsst ihr eure Anstrengungen mehr als nur verdoppeln."
"2","Schauspieler","LILLITH","4","Und wie sollen wir das bitte schaffen?"
"2","Schauspieler","GABRIEL","9","Wir sind zu dem Entschluss gekommen, dass ihr vielleicht unter neuer Führung…"
"2","Schauspieler","TEUFEL","1","Lächerlich! Ihr könnt mich doch nicht einfach so als Höllenfürst absetzen."
"2","Schauspieler","GABRIEL","9","Doch das können wir Luzifer. Wäre ja nicht das erste Mal, dass wir dich rauswerfen."
"2","Schauspieler","TEUFEL","1","Wie frech! Das lasse ich nicht mit mir machen."
"2","Schauspieler","GABRIEL","9","Du hast noch eine letzte Möglichkeit: Mache alles effizienter. Wenn sich die Boshaftigkeit in den nächsten 24 Stunden nicht verdoppelt hat, bist du deinen Posten los."
"2","Schauspieler","TEUFEL","1","Nun, schön, das ist für den Herrscher der Hölle doch ein Klacks. Challenge accepted!"
"2","Schauspieler","GABRIEL","9","Ich bin gespannt. Bis morgen."
"2","Anweisung","","","GABRIEL geht nach hinten ab."
"2","Schauspieler","TEUFEL","1","Also gut, wie ist euer Plan?"
"2","Schauspieler","MAMMONIA","8","Wir müssen den Wert auf dem Bösimeter auf jeden Fall verdoppeln"
"2","Schauspieler","TEUFEL","1","Hat jemand grausam-gute Ideen?"
"2","Schauspieler","LILLITH","4","Tut mir leid, ich habe einen neuen Termin."
"2","Schauspieler","ASMODIA","7","Fröhliches Brainstormen noch."
"2","Anweisung","","","Alle DÄMONEN, bis auf MAMMONIA gehen ab."
"2","Schauspieler","TEUFEL","1","Was mach ich nur?"
"2","Schauspieler","MAMMONIA","8","Vielleicht hat deine Tochter Lucy eine Idee."
"2","Schauspieler","TEUFEL","1","Lucy? Obwohl ich ihr gesagt habe, dass es wichtig ist, an den Meetings teilzunehmen, hängt sie lieber woanders ab. Da soll ich mich jetzt in dieser heiklen Situation auf sie verlassen?"
"2","Schauspieler","MAMMONIA","8","Naja, sie ist noch jung und unbefangen. Vielleicht hat sie neue, frische Ideen mit denen wir den Laden wieder in Schwung bringen können."
"2","Schauspieler","TEUFEL","1","Hast du einen Teenager zuhause? Sie zu motivieren ist,... schwierig."
"2","Schauspieler","MAMMONIA","8","Als Tochter hängt ihr Schicksal an deinem. Wenn das nicht Motivation genug ist, weiß ich auch nicht."
"2","Schauspieler","TEUFEL","1","Du hast Recht: Was hab ich schon zu verlieren. Jetzt muss ich sie nur finden."
"2","Anweisung","","","TEUFEL geht nach links ab. MAMMONIA folgt ihm."
"3","Szenenbeginn","","",""
"3","Anweisung","","","LUCY liegt auf einer Liege und bekommt von BEELZEBUB Luft zugefächert. TEUFELCHEN und TEUFELCHEN kommen von links."
"3","Schauspieler","TEUFELCHEN A","5","Da bist du ja, wir haben dich schon überall gesucht."
"3","Schauspieler","LUCY","2","Hä, ich habe doch immer um diese Zeit mein Wellnessprogramm: Maniküre, Pediküre, Peeling und gleich gibt es noch eine tibetische Schläfenmassage."
"3","Schauspieler","TEUFELCHEN B","6","Dein Vater ist außer sich. Er wird bestimmt gleich hier auftauchen."
"3","Schauspieler","LUCY","2","Was habe ich denn nun schon wieder falsch gemacht?"
"3","Schauspieler","TEUFELCHEN A","5","Du wurdest beim Meeting der führenden Dämonen vermisst."
"3","Schauspieler","LUCY","2","Was kümmern mich denn auch diese mies gelaunten Spaßbremsen?"
"3","Schauspieler","TEUFELCHEN B","6","Es ist ernst. Ein Engel ist aufgetaucht und droht deinen Vater abzusetzen."
"3","Schauspieler","LUCY","2","Upsi, das klingt nicht gut, hehe,... dann muss ich mir schnell eine gute Ausrede überlegen."
"3","Schauspieler","TEUFELCHEN A","5","Zu spät. Aufgebrachter Vater in 3,2,1."
"3","Anweisung","","","Der TEUFEL kommt wütend von links."
"3","Schauspieler","TEUFEL","1","Hier steckst du also. Ich habe alles nach dir abgesucht."
"3","Schauspieler","LUCY","2","Äh ja, ich war beschäftigt."
"3","Schauspieler","TEUFEL","1","Das sehe ich. Bei solch wichtigen Erledigungen verstehe ich natürlich, dass du dieses wahnsinnig wichtige Meeting verpasst hast."
"3","Schauspieler","LUCY","2","Puh, danke, ich dachte schon, du bist mir böse."
"3","Schauspieler","TEUFEL","1","Natürlich bin ich böse. Du kannst froh sein, dass du meine Tochter bist, sonst würde ich,..."
"3","Schauspieler","LUCY","2","Es tut mir wirklich leid."
"3","Schauspieler","TEUFEL","1","Wir sind hier in der Hölle. Hier entschuldigt man sich nicht."
"3","Schauspieler","LUCY","2","Ich habe gehört, ein Engel war da und hat Ärger gemacht."
"3","Schauspieler","TEUFEL","1","Allerdings. Du musst mir helfen neue Ideen für Höllenqualen zu finden und so die Effektivität der Hölle zu steigern. Wenn sich die Anzeige auf dem Bösimeter nicht verdoppelt, sind wir geliefert."
"3","Schauspieler","LUCY","2","Und ich soll jetzt aus dem Stehgreif einfach eine neue Höllenqual präsentieren."
"3","Schauspieler","TEUFEL","1","Im besten Fall ja."
"3","Schauspieler","LUCY","2","Okay, Moment,... denk, denk, denk,... Ich habe mir etwas überlegt."
"3","Schauspieler","TEUFEL","1","Da bin ich mal gespannt."
"3","Schauspieler","LUCY","2","Stelle dir vor du bist gerade dabei deine Hände zu waschen und dann,... bam, rutschen dir deine Ärmel runter. Ist das nicht grausam?"
"3","Schauspieler","TEUFEL","1","Das ist alles?"
"3","Schauspieler","LUCY","2","Findest du das nicht fies?"
"3","Schauspieler","TEUFEL","1","Für einen niederen Dämon vielleicht, aber du sollst einmal die Herrscherin der Hölle werden. So wird das nichts. Die anderen Dämonen scharren schon mit den Hufen und hoffen, mich ablösen zu können. Somit ist auch dein ganzes Erbe hin."
"3","Schauspieler","LUCY","2","Aber die können mir doch nicht einfach meinen Platz streitig machen."
"3","Schauspieler","TEUFEL","1","Du glaubst wirklich, dass sich Dämonen über Anstand und Moral Gedanken machen?"
"3","Schauspieler","LUCY","2","Naja, genau genommen,... also ich hab gedacht,..."
"3","Schauspieler","TEUFEL","1","Ja genau, das ist das Problem: Du denkst zu gut von den Leuten. Ich hätte dich nicht fragen dürfen. Natürlich hast du keinen fiesen Plan."
"3","Schauspieler","LUCY","2","Hey, das ist nicht fair. Ich kann auch richtig gemein sein. Erst gestern habe ich einem kleinen Dämon einfach den letzten Donut vor der Nase weggeschnappt. Und es war einer von den guten, mit den bunten Streuseln."
"3","Schauspieler","TEUFEL","1","Oh, wie grausam von dir."
"3","Schauspieler","LUCY","2","Der Donut war echt lecker."
"3","Schauspieler","TEUFEL","1","Lucy, du verstehst es nicht: Es geht hier nicht um dumme, kleine Scherze und Neckereien. Du sollst mir die brutalste, gnadenloseste Qual präsentieren, die sich ein Dämon jemals hätte vorstellen können. Nur so können wir unsere Herrschaft retten."
"3","Schauspieler","LUCY","2","Und wie lange habe ich Zeit?"
"3","Schauspieler","TEUFEL","1","Bis morgen Abend. Enttäusche mich nicht. Ich versuche derweil selbst alles zu tun, um unsere Boshaftigkeit zu erhöhen."
"3","Anweisung","","","TEUFEL geht nach links ab."
"3","Schauspieler","TEUFELCHEN A","5","Das ist wirklich eine schwierige Aufgabe."
"3","Schauspieler","TEUFELCHEN B","6","Aber du hast ja uns. Wir helfen dir."
"3","Schauspieler","LUCY","2","Dann bleibt wohl jetzt keine Zeit mehr für die Schläfenmassage. Ich muss mir wirklich etwas überlegen. Kommt mit, wir müssen einen Plan machen."
"3","Anweisung","","","LUCY und TEUFELCHEN und TEUFELCHEN gehen nach links ab. LILLITH & ASMODIA kommt von rechts."
"3","Schauspieler","LILLITH","4","Sieh an, als ob unsere kleine Höllenprinzessin es schafft, ihrem Vater aus der Patsche zu helfen."
"3","Schauspieler","ASMODIA","7","Wir werden schon dafür sorgen, dass es ihr unter keinen Umständen gelingt. Dann wird mich Gabriel morgen zur Herrscherin der Hölle machen."
"3","Schauspieler","LILLITH","4","Ja genau, dich,... auf ihr nach, sonst verlieren wir sie aus den Augen."
"3","Anweisung","","","LILLITH und ASMODIA verlassen die Bühne nach links."
"4","Szenenbeginn","","",""
"4","Anweisung","","","ENGEL kommt von rechts und hat einen Knopf im Ohr."
"4","Schauspieler","ENGEL","3","Ja genau, ich bin jetzt drinn. Es ist genauso heiß, wie du es beschrieben hast. (...) Alles klar, ich werde die Lage auschecken. Wenn ich herausfinden kann, ob der Teufel es schafft, melde ich mich. Oh, da kommt jemand. (reißt sich den Heiligenschein herunter und setzt sich billige Teufelshörner auf)"
"4","Anweisung","","","LUCY kommt mit TEUFELCHEN und TEUFELCHEN von links."
"4","Schauspieler","LUCY","2","Warum muss diese “Kammer der Qualen” auch so ewig weit weg sein."
"4","Schauspieler","TEUFELCHEN A","5","Aber wir sind doch erst fünf Minuten unterwegs."
"4","Schauspieler","LUCY","2","Es fühlt sich wie fünf Stunden an. Wir hätten doch sicher auch im Spa-Bereich Brainstormen können."
"4","Schauspieler","TEUFELCHEN B","6","Aber da hast du doch gar keine richtige Arbeitsatmosphäre."
"4","Schauspieler","TEUFELCHEN A","5","Und in der Kammer kannst du dir bestimmt Inspiration holen."
"4","Schauspieler","TEUFELCHEN B","6","Wer ist denn das?"
"4","Schauspieler","TEUFELCHEN A","5","Keine Ahnung, die habe ich hier noch nie gesehen."
"4","Anweisung","","","LUCY (zu ENGEL): He, wer bist du?"
"4","Schauspieler","ENGEL","3","Ich ähm,... ich bin,... ein Dämon arrgh (faucht),... böse und so."
"4","Anweisung","","","TEUFELCHEN begutachten den ENGEL."
"4","Schauspieler","TEUFELCHEN A","5","Du riechst aber gar nicht nach Asche."
"4","Schauspieler","TEUFELCHEN B","6","Eher, wie eine Blumenwiese."
"4","Schauspieler","TEUFELCHEN A","5","Einfach ekelhaft!"
"4","Schauspieler","ENGEL","3","Ähm, das ist mein neues böses Blumendeo. Der letzte Schrei auf dem Dämonenmarkt,..."
"4","Schauspieler","LUCY","2","Und was machst du hier?"
"4","Schauspieler","ENGEL","3","Ich äh,... ich bewache hier den…"
"4","Schauspieler","TEUFELCHEN A","5","Jaa,...?"
"4","Schauspieler","ENGEL","3","Weg! Den Weg natürlich."
"4","Schauspieler","LUCY","2","Das ist ja Quatsch. Warum solltest du den Weg bewachen?"
"4","Schauspieler","ENGEL","3","Ähm,... also,.."
"4","Schauspieler","LUCY","2","Du könntest mir helfen. Ich muss für meinen Vater eine grausame Höllenqual entwickeln. Sonst verliert er seinen Thron und ich kann den Spa Bereich nicht mehr kostenlos nutzen."
"4","Schauspieler","TEUFELCHEN B","6","Im besten Fall nur das."
"4","Schauspieler","TEUFELCHEN A","5","Oder du kommst in die Kammer der Qualen."
"4","Schauspieler","LUCY","2","Du siehst, es ist ernst. Hilfst du mir?"
"4","Schauspieler","ENGEL","3","Ich weiß nicht recht,..."
"4","Anweisung","","","LILLITH und ASMODIA kommen von links."
"4","Schauspieler","LILLITH","4","Sieh an, unsere Höllenprinzessin. Was machst du denn hier?"
"4","Schauspieler","LUCY","2","Ach, lasst mich in Ruhe."
"4","Schauspieler","ASMODIA","7","Ach, hast du eine Freundin gefunden?"
"4","Schauspieler","LILLITH","4","Süß."
"4","Schauspieler","ASMODIA","7","Sie riecht aber ganz schön seltsam."
"4","Schauspieler","LUCY","2","Ja, sie ist meine neue Freundin und sie wird mir helfen, die diabolischste Höllenqual zu entwickeln, die ihr jemals gesehen habt."
"4","Schauspieler","ENGEL","3","Also eigentlich,..."
"4","Schauspieler","LILLITH","4","Da bin ich ja mal gespannt."
"4","Schauspieler","ASMODIA","7","Wir freuen uns."
"4","Schauspieler","LUCY","2","Das könnt ihr auch."
"4","Anweisung","","","LILLITH und ASMODIA gehen nach links an den Bühnenrand."
"4","Schauspieler","TEUFELCHEN B","6","Boah, sind die ätzend."
"4","Schauspieler","TEUFELCHEN A","5","Aber sowas von. Die warten doch nur darauf, dass du scheiterst."
"4","Schauspieler","LUCY","2","Wir sollten keine weitere Zeit verschwenden. Wie heißt du eigentlich?"
"4","Schauspieler","ENGEL","3","Ich bin,... Angel."
"4","Schauspieler","LUCY","2","Was für ein komischer Name für einen Dämon."
"4","Schauspieler","ENGEL","3","Ich meine natürlich Angel-A."
"4","Schauspieler","LUCY","2","Ich weiß nicht, ob es das besser macht, aber wir müssen weiter."
"4","Anweisung","","","LUCY, TEUFELCHEN und TEUFELCHEN und ENGEL gehen nach rechts ab."
"4","Schauspieler","LILLITH","4","Mit diesem Dämon stimmt etwas nicht."
"4","Schauspieler","ASMODIA","7","Absolut. Ihr Duft war viel zu,... himmlisch."
"4","Schauspieler","LILLITH","4","Wir sollten das im Auge behalten. Vielleicht ist das noch etwas, was wir gegen sie verwenden können. Aber ich habe noch ein Ass im Ärmel."
"4","Schauspieler","ASMODIA","7","Oh, ich bin ganz gespannt."
"4","Anweisung","","","LILLITH klatscht in die Hände und MEPHISTA kommt von links."
"4","Schauspieler","SEELE 2","9","Meine Herrin."
"4","Schauspieler","LILLITH","4","Sorge dafür, dass der reguläre Weg zur “Kammer der Qualen” versperrt wird, sodass sie über den “Pfad der Schmerzen” gehen müssen."
"4","Schauspieler","SEELE 2","9","Jawohl Herrin, eure Wünsche sind mir Befehl."
"4","Anweisung","","","SEELE 2 verneigt sich und geht nach links ab."
"4","Schauspieler","LILLITH","4","Das wird sie wertvolle Zeit kosten."
"4","Anweisung","","","LILLITH und ASMODIA gehen nach links ab."
"5","Szenenbeginn","","",""
"5","Anweisung","","","Der TEUFEL kommt von rechts im Drehstuhl auf die Bühne gerollt. Er hat eine Denkerpose. MAMMONIA kommt von links."
"5","Schauspieler","MAMMONIA","8","Entschuldigen Sie, Chef, aber…"
"5","Schauspieler","TEUFEL","1","Nicht jetzt,... ich denke nach."
"5","Schauspieler","MAMMONIA","8","Okay."
"5","Anweisung","","","MAMMONIA stellt sich ruhig vorne hin."
"5","Schauspieler","TEUFEL","1","Arrgh! Kannst du dich nicht woanders hinstellen? Ich fühle mich so,... so blockiert."
"5","Schauspieler","MAMMONIA","8","Hier?"
"5","Schauspieler","TEUFEL","1","So wird das nichts. Sag, was willst du?"
"5","Schauspieler","MAMMONIA","8","Nun, nach meinen Berechnungen müsste es ausreichen, wenn es Lucy gelingt, in die Tiefen der Kammer der Qualen vorzustoßen und die Arbeit dort mit neuen Methoden wieder in Schwung zu bringen."
"5","Schauspieler","TEUFEL","1","Hoffen wir ihr gelingt es. Mir will einfach nichts besseres einfallen. Früher hatte ich so tolle, böse Ideen. Erinnerst du dich an die Tollkirsche?"
"5","Schauspieler","MAMMONIA","8","Die aussieht, wie eine Kirsche, aber man stirbt, wenn man sie isst."
"5","Schauspieler","TEUFEL","1","Genau, oder an das Ding, was so aussieht wie ein Steinpilz, aber man stirbt, wenn man es isst."
"5","Schauspieler","MAMMONIA","8","Sie meinen den Teufelspilz."
"5","Schauspieler","TEUFEL","1","Genau. Ich bin immer noch ein großer Fan des Namens."
"5","Schauspieler","MAMMONIA","8","Auch ein bisschen selbstverliebt."
"5","Schauspieler","TEUFEL","1","Was hast du gesagt?"
"5","Schauspieler","MAMMONIA","8","Nichts."
"5","Schauspieler","TEUFEL","1","Das waren noch fantastische Einfälle. Oder die Brennessel,..."
"5","Schauspieler","MAMMONIA","8","Naja, sie hatten auch viele Ideen, die wir ad acta legen mussten. Wie zum Beispiel die Idee, dass jeder Knochen des Körpers zum Musikantenknochen wird."
"5","Schauspieler","TEUFEL","1","Ich finde, das nach wie vor eine tolle Idee."
"5","Schauspieler","MAMMONIA","8","Oder dass Menschen nicht nur Milchzähne, sondern auch Milchhände und Füße hätten."
"5","Schauspieler","TEUFEL","1","Das wäre doch so lustig, wenn die dann irgendwann anfangen herumzuwabbeln und abzufallen. Was die Leute für Panik hätten,... aber wächst ja alles wieder nach. Die Gesichter hätte ich gerne gesehen."
"5","Schauspieler","MAMMONIA","8","Naja, also ich glaube ihr seid der einzige, der das unterhaltsam finden würde."
"5","Schauspieler","TEUFEL","1","Was soll das denn jetzt heißen? Geh jetzt und lass mich weiter nachdenken. Wenn Lucy es nicht schaffen sollte, sind wir ohne Plan B nämlich aufgeschmissen."
"5","Schauspieler","MAMMONIA","8","Wie ihr meint."
"5","Anweisung","","","MAMMONIA geht nach rechts ab und der TEUFEL rollt nach links raus."
"6","Szenenbeginn","","",""
"6","Anweisung","","","LUCY und ENGEL kommen von links und laufen barfuß über Legosteine. TEUFELCHEN und TEUFELCHEN fliegen nebenher."
"6","Schauspieler","ENGEL","3","Autsch,... aua,... gab es keinen besseren Weg?"
"6","Schauspieler","LUCY","2","Tut mir leid, der andere Weg war blockiert. Irgendwer hat den Lavafluss gestaut."
"6","Schauspieler","ENGEL","3","Aua, Mensch. Wer denkt sich denn sowas schmerzhaftes aus?"
"6","Schauspieler","LUCY","2","Früher war der Weg hier voller Klingen. Asmodia war das nicht grausam genug. Deshalb hatte sie die Idee den Weg mit Legosteinen auszustatten. Mein Vater hat sie dafür zum Dämon des Monats gekürt. Aber das müsstest du doch eigentlich wissen, oder?"
"6","Schauspieler","ENGEL","3","Klar, ähm,... das ist mir nur gerade entfallen. Aua. Tut dir das denn gar nicht weh?"
"6","Schauspieler","LUCY","2","Ich kann es ganz gut ausblenden. Das ist nichts gegen die ewigen Qualen, die mich erwarten könnten, wenn ich scheitere."
"6","Schauspieler","TEUFELCHEN A","5","Diese Angela ist ein ganz schönes Weichei."
"6","Schauspieler","TEUFELCHEN B","6","Hast du auch das Gefühl, dass wir die ganze Zeit beobachtet werden."
"6","Schauspieler","TEUFELCHEN A","5","Ja, und das ist wirklich beunruhigend."
"6","Schauspieler","LUCY","2","Leute, wir haben jetzt andere Sorgen. Es ist nicht mehr weit. Wir haben es fast geschafft. Kommt."
"6","Anweisung","","","LUCY, ENGEL, TEUFELCHEN und TEUFELCHEN gehen nach rechts ab. LILLITH und ASMODIA kommen von links und müssen ebenfalls barfuß über die Legosteine laufen."
"6","Schauspieler","LILLITH","4","Unsere Höllenprinzessin hat wirklich Mumm. Ich hatte schon die Hoffnung, sie dreht um. Jetzt müssen wir auch hier durch."
"6","Schauspieler","ASMODIA","7","Ich hasse mich gerade auch sehr für diese Idee."
"6","Schauspieler","LILLITH","4","Autsch. Wenn sie es schafft, sind all meine Bestrebungen dahin, endlich die Herrscherin der Hölle zu werden."
"6","Schauspieler","ASMODIA","7","Du meinst die Bestrebungen, dass ich Herrscherin der Hölle werde. Aua."
"6","Schauspieler","LILLITH","4","Hab ich doch gesagt. Autsch, verdammt, wenn du das nächste Mal eine Idee für eine Höllenqual hast, überlege dir bitte davor, ob du auch mal in die Situation kommen könntest, sie selbst ausprobieren zu müssen."
"6","Schauspieler","ASMODIA","7","Argh, ich werde es in meine Überlegungen miteinbeziehen."
"6","Schauspieler","LILLITH","4","Nach dir."
"6","Anweisung","","","LILLITH und ASMODIA gehen nach rechts ab."
"7","Szenenbeginn","","",""
"7","Anweisung","","","TEUFEL kommt von rechts herein. Er hat einen Schädel dabei, den er als Handpuppe nutzt und ein Selbstgespräch führt."
"7","Schauspieler","TEUFEL","1","Oh Willi, es geht mit uns zu Ende. Lucy wird es nicht schaffen und auch mir will nichts einfallen. - Du solltest nicht so hart zu dir sein, Luzifer altes Haus. - Versuche es nicht schön zu reden, Willi. Ich bin ein Versager."
"7","Anweisung","","","MAMMONIA betritt von hinten die Bühne."
"7","Schauspieler","TEUFEL","1","Quatsch, du bist ein Genie. Wem, wenn nicht dir, sollte noch etwas richtig Fieses einfallen. - Du hast Recht, ich bin viel zu schlau, um jetzt schon aufzugeben. - Und gutaussehend. - Oh Willi, jetzt schmeichelst du mir aber. (entdeckt Mammonia) Was?!"
"7","Schauspieler","MAMMONIA","8","Verzeihen Sie Chef, ich wollte Sie nicht bei,... was auch immer stören, aber die Unternehmensberaterin Frau Professor Dr. Dr. Glutheiß ist vor Ort."
"7","Schauspieler","TEUFEL","1","Diese Schreckschraube? Wir brauchen jetzt eine schnelle Lösung und niemanden mit einem Doktortitel."
"7","Schauspieler","MAMMONIA","8","Es sind zwei Doktortitel. Sie wissen, dass Frau Professor Dr. Dr. Glutheiß darauf besteht. Außerdem können wir im Moment jede Hilfe gebrauchen."
"7","Schauspieler","TEUFEL","1","Wenn du meinst,... dann schicke sie rein."
"7","Anweisung","","","GLUTHEIß kommt von hinten auf die Bühne."
"7","Schauspieler","GLUTHEIß","11","Nicht nötig. Ich bin schon da."
"7","Schauspieler","TEUFEL","1","Frau Professor Dr. Dr. Glutheiß, welch eine Ehre, dass Sie uns aufgesucht haben."
"7","Schauspieler","GLUTHEIß","11","Nicht nur das. Ihre Buchhalterin war so nett, mir bereits einen Einblick in ihre Akten zu geben."
"7","Schauspieler","TEUFEL","1","(beißt die Zähne zusammen) Ach, hat sie das?"
"7","Schauspieler","GLUTHEIß","11","Aktuell beträgt die Wartezeit für einen freien Foltertermin sechs Stunden. Ich wiederhole SECHS Stunden!"
"7","Schauspieler","TEUFEL","1","Das heißt?"
"7","Schauspieler","GLUTHEIß","11","Kein Wunder, dass das Bösimeter auf einem historischen Tiefstand steht. Sechs Stunden! Eine höllische Zeitverschwendung ist das."
"7","Schauspieler","TEUFEL","1","Unser grausames Angebot ist gefragt. Das ist doch ein gutes Zeichen, dass wir so eine volle Warteliste haben."
"7","Schauspieler","GLUTHEIß","11","Die Warteliste zeigt nur ihre mangelhafte Kapazitätsplanung."
"7","Schauspieler","TEUFEL","1","Ich bin der Fürst der Finsternis. Seit Urzeiten bin ich im Geschäft. Da wollen Sie mir etwas von Statistiken, Graphen und Tabellen erzählen. Wir haben das schon immer so gemacht."
"7","Schauspieler","GLUTHEIß","11","Ihr Gefühlsausbruch zeigt nur eindrucksvoll, dass Sie nicht in der Lage sind konstruktive Kritik anzunehmen. Diese Einstellung führt zu struktureller Stagnation."
"7","Schauspieler","TEUFEL","1","Was?"
"7","Schauspieler","MAMMONIA","8","Das heißt, wir kommen mit unseren alten Methoden nicht weiter."
"7","Schauspieler","TEUFEL","1","Ach Papperlapapp, als ob diese neumodischen Ideen uns in dieser brenzligen Situation jetzt helfen."
"7","Schauspieler","GLUTHEIß","11","Ich werde ein Konzeptpapier erarbeiten und lasse es Ihnen heute Abend zukommen. Sie müssen wissen, ob Sie im Gestern stehen bleiben wollen. Einen schönen Tag nach."
"7","Anweisung","","","GLUTHEIß geht nach hinten ab."
"7","Schauspieler","TEUFEL","1","(nimmt Willi) Konzeptpapier am Arsch. - Sag mal Willi, was sagst du denn für Kraftausdrücke. - Aber ist doch wahr. - Du hast ja Recht. Mammonia, falls die Schreckschraube ihr Konzept wirklich vorbeibringt, mache den Kamin damit an."
"7","Schauspieler","MAMMONIA","8","Wie Sie meinen Chef."
"7","Anweisung","","","MAMMONIA und TEUFEL gehen ab."
"8","Szenenbeginn","","",""
"8","Anweisung","","","BEELZEBUB sitzt alleine an einem Schreibtisch und muss arbeiten. Auf seinem Schreibtisch liegen mehrere Akten und dort steht eine Schreibmaschine. Links stehen Stühle zum Hinsetzen. An der hinteren Wand hängt ein Schild “Kammer der Qualen”. Von links kommen LUCY, TEUFELCHEN und TEUFELCHEN und der ENGEL."
"8","Schauspieler","LUCY","2","Ich glaube wir sind da."
"8","Schauspieler","ENGEL","3","Autsch, endlich."
"8","Anweisung","","","Beide setzen sich hin und ziehen ihre Schuhe wieder an."
"8","Schauspieler","ENGEL","3","Und was hast du nun vor?"
"8","Schauspieler","LUCY","2","Wir müssen irgendwie das Leid verstärken, dass die Seelen hier in der Hölle erleben."
"8","Schauspieler","TEUFELCHEN A","5","Da vorne sitzt ein Sachbearbeiter für Qualen aller Art."
"8","Schauspieler","LUCY","2","Warte, ist das nicht Beelzebub."
"8","Schauspieler","TEUFELCHEN B","6","Ja, der Fachkräftemangel macht auch vor der Hölle nicht halt."
"8","Schauspieler","BEELZEBUB","10","Ich kann euch hören. Ihr steht nur zwei Meter entfernt."
"8","Schauspieler","TEUFELCHEN A","5","Du hast Recht, Teufelchen. Heutzutage wird hier wirklich jeder angestellt."
"8","Schauspieler","BEELZEBUB","10","Was soll das denn jetzt heißen?"
"8","Schauspieler","TEUFELCHEN B","6","Gutes Personal ist halt so schwer zu finden."
"8","Schauspieler","BEELZEBUB","10","Das ist wirklich nicht nett."
"8","Schauspieler","LUCY","2","Wartet erstmal hier. Ich rede mit ihm."
"8","Anweisung","","","LUCY geht zu BEELZEBUB."
"8","Schauspieler","LUCY","2","Hi, ich bin hier, weil ich in die Kammer eintreten möchte, um den Seelen mit einer neuen Höllenqual ordentlich einzuheizen."
"8","Schauspieler","BEELZEBUB","10","Hast du denn überhaupt das richtige Formular dafür?"
"8","Schauspieler","LUCY","2","Moment, welches Formular?"
"8","Schauspieler","BEELZEBUB","10","Na, das Formular 26 C. Erst das erlaubt dir, in die Tiefen der Kammer vorzudringen."
"8","Schauspieler","LUCY","2","Ich bin die Prinzessin der Hölle verdammt. Vergiss dein Formular, ich muss hier durch."
"8","Schauspieler","BEELZEBUB","10","Kein Formular 26 C, kein Durchgang. (rotes Licht und verfremdete Stimme?)"
"8","Schauspieler","LUCY","2","Na gut, hehe,... wo bekomme ich das?"
"8","Schauspieler","BEELZEBUB","10","Hier den Gang runter und dann die dritte Tür links."
"8","Anweisung","","","LUCY geht nach rechts ab."
"8","Schauspieler","ENGEL","3","Ich wusste gar nicht, dass es hier solch strenge bürokratische Vorschriften gibt."
"8","Schauspieler","TEUFELCHEN A","5","Warst du noch nie hier?"
"8","Schauspieler","ENGEL","3","Äh, doch natürlich,... aber als ich das letzte Mal hier war, war es irgendwie,... anders."
"8","Anweisung","","","BEELZEBUB hat sich in der Zwischenzeit eine Brille aufgesetzt und ein Schnurrbart angeklebt. LUCY kommt von links."
"8","Schauspieler","LUCY","2","Entschuldigen Sie, ich brauche,.... Moment einmal, Beelzebub, bist du es wieder?"
"8","Schauspieler","BEELZEBUB","10","Aber nicht doch. Ich bin Friedhelm Fegefeuer, wie kann ich Ihnen helfen."
"8","Schauspieler","LUCY","2","Ich brauche das Formular 26 C. Dringend."
"8","Schauspieler","BEELZEBUB","10","Gut, dafür bräuchte ich von Ihnen den Antrag 5 A."
"8","Schauspieler","LUCY","2","Wo bekomme ich den?"
"8","Schauspieler","BEELZEBUB","10","Hier raus, die Treppe runter, und dann die fünfte Tür rechts."
"8","Anweisung","","","LUCY stöhnt genervt und geht nach rechts ab."
"8","Schauspieler","ENGEL","3","Glaubt ihr sie hat es wirklich nicht gemerkt, dass…"
"8","Schauspieler","TEUFELCHEN B","6","Der Fachkräftemangel, ich sage es doch."
"8","Schauspieler","TEUFELCHEN A","5","Das kann noch was werden."
"8","Anweisung","","","BEELZEBUB hat sich in der Zwischenzeit einen Hut aufgesetzt und Brille und Schnurrbart abgemacht. LUCY kommt von links."
"8","Schauspieler","LUCY","2","Hi, ich bräuchte dringend den Antrag A 5."
"8","Schauspieler","BEELZEBUB","10","Dafür brauchen sie das Antragsformular 10."
"8","Schauspieler","LUCY","2","Beelzebub, ich weiß, dass du das bist. Können wir das nicht anders lösen. Ich habe keine Zeit für so einen Blödsinn."
"8","Schauspieler","BEELZEBUB","10","Tut mir leid, die Dame, sie müssen mich verwechseln."
"8","Schauspieler","LUCY","2","Na schön, ein letztes Mal spiele ich noch mit, aber ich warne dich,... wo bekomme ich dieses Antragsformular?"
"8","Schauspieler","BEELZEBUB","10","Die Treppe hoch in den 6. Stock und dann den Gang durch die letzte Tür."
"8","Anweisung","","","LUCY geht wütend nach rechts ab."
"8","Schauspieler","ENGEL","3","Ich glaube, das wird nichts mehr."
"8","Anweisung","","","LILLITH und ASMODIA kommen von hinten. ENGEL versteckt sich mit den TEUFELCHEN."
"8","Schauspieler","LILLITH","4","Das machst du sehr gut, mein Lieber. Halte sie nur weiter hin."
"8","Schauspieler","ASMODIA","7","Die Zeit rennt ihr davon. So schafft sie es nie bis morgen Abend."
"8","Schauspieler","BEELZEBUB","10","Ich hoffe, ihr habt meine Belohnung nicht vergessen."
"8","Schauspieler","LILLITH","4","Natürlich nicht. (gibt BEELZEBUB einen großen Lolli)"
"8","Schauspieler","ASMODIA","7","Nicht auf einmal essen."
"8","Schauspieler","BEELZEBUB","10","Jaja,... übrigens hat sie noch Hilfe von so einem neuen “Dämon”."
"8","Schauspieler","ASMODIA","7","Ist der etwa auch hier? Sag schon."
"8","Schauspieler","BEELZEBUB","10","Ich mache es nur gegen eine Belohnung."
"8","Schauspieler","LILLITH","4","(packt BEELZEBUB am Ohr) Hör mal zu, du kannst uns das jetzt sagen oder wir stecken dich selbst in die Kammer, ist das klar?"
"8","Schauspieler","BEELZEBUB","10","Sie sind da hinten."
"8","Anweisung","","","LILLITH fährt herum und läuft zum ENGEL. Die TEUFELCHEN weichen zurück."
"8","Schauspieler","LILLITH","4","Sieh an, unser nach Blumen-riechender Dämon ist wieder da."
"8","Schauspieler","ENGEL","3","Hi, hähä,..."
"8","Schauspieler","LILLITH","4","Dann wollen wir dich mal schön aus dem Weg schaffen, dass du uns nicht noch einen Strich durch die Rechnung machst."
"8","Anweisung","","","LILLITH packt den ENGEL und zieht ihn nach hinten mit."
"8","Schauspieler","ENGEL","3","Hey,... ich kann alles erklären,..."
"8","Schauspieler","LILLITH","4","Oh, das wirst du,..."
"8","Anweisung","","","ASMODIA geht auf die TEUFELCHEN zu."
"8","Schauspieler","ASMODIA","7","Und ihr verschwindet besser. Ksch, ksch. So kleine Nervensägen wie euch braucht niemand. Sonst sperren wir euch weg."
"8","Anweisung","","","TEUFELCHEN gehen fauchend nach links ab. ASMODIA blickt ihnen hinterher und geht dann nach hinten ab. BEELZEBUB geht nach rechts ab und nimmt die Requisiten vom Schreibtisch mit."
"9","Szenenbeginn","","",""
"9","Anweisung","","","LUCY kommt erschöpft von links und hat viele Zettel dabei."
"9","Schauspieler","LUCY","2","So, Beelzebub, ich habe jetzt wirklich alles. Vom Antragsformular 27 C zur Beantragung eines Antrags, bis hin zum Passierschein A38. Kann ich jetzt bitte in die Kammer?... Beelzebub? Hallo?"
"9","Anweisung","","","TEUFELCHEN und TEUFELCHEN kommen von rechts."
"9","Schauspieler","TEUFELCHEN A","5","Lucy, da bist du ja."
"9","Schauspieler","TEUFELCHEN B","6","Wir haben dich überall gesucht!"
"9","Schauspieler","TEUFELCHEN A","5","Lillith und Asmodia haben Angela in die Tiefen der Kammer entführt."
"9","Schauspieler","TEUFELCHEN B","6","Und Beelzebub steckt mit ihnen unter einer Decke."
"9","Schauspieler","LUCY","2","(wirft Papiere weg) Dieser kleine, miese,..."
"9","Schauspieler","TEUFELCHEN B","6","Du kannst ihm später noch die Flügel ausreißen."
"9","Schauspieler","TEUFELCHEN A","5","Du musst jetzt erstmal in die Kammer und Angela suchen."
"9","Schauspieler","LUCY","2","Ihr habt Recht. Drückt mir die Daumen, dass wir wohlbehalten wieder zurückkommen."
"9","Anweisung","","","LUCY geht nach rechts ab. Die TEUFELCHEN sammeln das Papier ein und gehen nach links ab."
"10","Szenenbeginn","","",""
"10","Anweisung","","","Der ENGEL sitzt gefesselt in der Mitte des Raumes im Scheinwerferkegel wie bei einem Verhör. LILLITH kommt von rechts."
"10","Schauspieler","ENGEL","3","Wo bin ich hier? Macht mich los!"
"10","Schauspieler","LILLITH","4","Bedaure nein."
"10","Schauspieler","ENGEL","3","Bitte, ich meine,... so von Dämon zu Dämon kann man doch über alles in Ruhe reden."
"10","Schauspieler","LILLITH","4","Netter Versuch. Den hier haben wir gefunden. (holt Heiligenschein hervor) Er riecht verdächtig nach…. Blumenwiese."
"10","Schauspieler","ENGEL","3","Okay, vielleicht bin ich nicht ganz so dämonisch wie ich gesagt habe,... aber ihr könnt mich doch bestimmt trotzdem gehen lassen, oder?"
"10","Schauspieler","LILLITH","4","Aber nicht doch. Wie oft hat man das schonmal, dass einem ein leibhaftiger Engel in die Fänge geht. Und dann auch noch in der Kammer der Qualen."
"10","Schauspieler","ENGEL","3","Was soll das heißen?"
"10","Schauspieler","LILLITH","4","Asmodia, komm herein."
"10","Anweisung","","","ASMODIA schiebt einen Wagen herein auf dem allerlei gruselige Werkzeuge liegen."
"10","Schauspieler","LILLITH","4","Also Engel, du hast die Möglichkeit: Entweder du erzählst uns warum ein Bote des Himmels unserer Höllenprinzessin hilft und welchen Plan ihr verfolgt, oder du wirst die grausamsten Qualen der ganzen Hölle erleiden."
"10","Schauspieler","ENGEL","3","Aus mir bekommt ihr nichts heraus."
"10","Schauspieler","ASMODIA","7","Ich hatte gehofft, dass du das sagen würdest: Du darfst dir ausnahmsweise sogar aussuchen, womit wir anfangen."
"10","Schauspieler","ENGEL","3","Oh Mann, so eine große Auswahl."
"10","Schauspieler","ASMODIA","7","Lass dir ruhig Zeit."
"10","Schauspieler","ENGEL","3","Ähm, was ist das da?"
"10","Schauspieler","ASMODIA","7","Der Knochenbrecher."
"10","Schauspieler","ENGEL","3","Und das?"
"10","Schauspieler","ASMODIA","7","Der Zungenrausreißer."
"10","Schauspieler","ENGEL","3","Und das daneben?"
"10","Schauspieler","ASMODIA","7","Der Zehnagelzieher."
"10","Schauspieler","ENGEL","3","Ich meine rechts."
"10","Schauspieler","ASMODIA","7","Der Schädelquetscher."
"10","Schauspieler","ENGEL","3","Was kann der so?"
"10","Schauspieler","ASMODIA","7","Er quetscht Schädel."
"10","Schauspieler","ENGEL","3","Eher fest oder sanft?"
"10","Schauspieler","ASMODIA","7","Sehr fest."
"10","Schauspieler","ENGEL","3","Uhh,... nee, lieber was anderes."
"10","Schauspieler","LILLITH","4","Das reicht jetzt. Das himmlische Geflügel hat uns lange genug hingehalten."
"10","Anweisung","","","LUCY kommt von links hereingestürmt. Sie ist außer Atem."
"10","Schauspieler","LUCY","2","Gebt mir eine Sekunde( atmet schwer) So, jetzt: Was wird das hier?"
"10","Schauspieler","LILLITH","4","Ach, hat es unsere Höllenprinzessin auch endlich einen Zugang beantragt."
"10","Schauspieler","ASMODIA","7","Von allen Qualen ist die Bürokratie die grausamste."
"10","Schauspieler","LUCY","2","Ihr wart das,..."
"10","Schauspieler","LILLITH","4","Überraschung."
"10","Schauspieler","LUCY","2","Und jetzt lasst sie gehen."
"10","Schauspieler","LILLITH","4","Dein Dämon ist ein Engel, falls es dir noch nicht aufgefallen ist."
"10","Schauspieler","LUCY","2","Wusste ich doch, dass da etwas nicht stimmt…"
"10","Schauspieler","LILLITH","4","Und wir werden sie jetzt ausquetschen, was sie uns über die Machenschaften des Himmels sagen kann."
"10","Schauspieler","LUCY","2","Seid nicht so grausam zu ihr."
"10","Schauspieler","LILLITH","4","Heul leise. Beelzebub!"
"10","Anweisung","","","BEELZEBUB kommt von links mit einem Dreizack."
"10","Schauspieler","LILLITH","4","Pass auf unsere Prinzessin auf, dass sie uns nicht ins Handwerk pfuscht."
"10","Anweisung","","","BEELZEBUB treibt LUCY mit dem Dreizack vor sich her und bindet sie seitlich an einen Pfosten."
"10","Schauspieler","LILLITH","4","So, wo waren wir stehengeblieben,... wir starten ganz locker. Hm,... hier, die Feder. (nimmt Feder) Damit können wir bestimmt die Informationen aus dir herauskitzeln."
"10","Schauspieler","ENGEL","3","(lacht) He, lasst das."
"10","Schauspieler","LILLITH","4","Kitzel, kitzel, kitzel. (bekommt kurz darauf eine bessere Idee) Oh, Sekunde, ich habe noch etwas viel besseres: Die Flöte."
"10","Schauspieler","ENGEL","3","Eine Flöte?"
"10","Schauspieler","LILLITH","4","Klar. Es mag erstmal nicht grausig klingen, aber du musst wissen: Ich kann keine Flöte spielen."
"10","Anweisung","","","LILLITH greift die Flöte und beginnt schief zu spielen."
"10","Schauspieler","ENGEL","3","Aufhören, Gnade."
"10","Anweisung","","","Das Bösimeter steigt und LUCY realisiert das."
"10","Schauspieler","ENGEL","3","Okay, ich gebe auf. Ich erzähle euch alles, aber bitte seid leise."
"10","Schauspieler","LILLITH","4","(hört auf zu spielen) Mein Triumph ist nahe. Muhahaha!"
"10","Schauspieler","LUCY","2","Nein, sie wird nicht aufgeben!"
"10","Schauspieler","ENGEL","3","Was soll das denn heißen?"
"10","Schauspieler","LUCY","2","Reiß dich zusammen, verdammt nochmal."
"10","Schauspieler","LILLITH","4","Nun gut, ihr habt noch nicht die “Schiefe Sonate Nummer sechs” gehört. (spielt weiter)"
"10","Schauspieler","ENGEL","3","Ahh, das hält doch niemand aus."
"10","Anweisung","","","Das Bösimeter steigt langsam bis zum Anschlag. Dann geht eine Melodie los."
"10","Schauspieler","ASMODIA","7","Was ist das jetzt?"
"10","Schauspieler","LUCY","2","Ihr habt die Hölle gerettet. Das ist los."
"10","Schauspieler","LILLITH","4","Wie,... das kann nicht wahr sein!"
"10","Schauspieler","LUCY","2","Es gibt nichts boshafteres als einen Engel zu quälen."
"10","Schauspieler","LILLITH","4","(zu ASMODIA) Wieso hast du mir nichts gesagt?"
"10","Schauspieler","ASMODIA","7","Entschuldige, ich dachte, du hattest alles im Griff."
"10","Schauspieler","BEELZEBUB","10","Na das mit der Gehaltserhöhung kann ich ja jetzt auch vergessen."
"10","Anweisung","","","BEELZEBUB bindet LUCY los und diese befreit den ENGEL. BEELZEBUB geht ab."
"10","Schauspieler","LILLITH","4","Verdammter Mist. Die ganze Mühe war umsonst."
"10","Schauspieler","LUCY","2","(zum ENGEL) Du hättest auch nicht gedacht, dass du indirekt die Hölle rettest, oder?"
"10","Anweisung","","","TEUFEL kommt mit MAMMONIA von hinten. Die TEUFELCHEN sind dabei."
"10","Schauspieler","TEUFELCHEN A","5","Da sind sie."
"10","Schauspieler","TEUFEL","1","Das ist ja unglaublich: Du hast uns gerettet!"
"10","Schauspieler","ENGEL","3","Ähm,... ich denke schon."
"10","Schauspieler","TEUFEL","1","Und nun zu euch: (dreht sich zu LILLITH und ASMODIA, Stimme wird bedrohlich und die Bühne färbt sich dunkelrot) Ihr sollt dafür bezahlen, was ihr getan habt. Das war Hochverrat."
"10","Schauspieler","LUCY","2","(zum ENGEL) Ähm, ich glaube wir gehen besser."
"10","Anweisung","","","LUCY, die TEUFELCHEN und der ENGEL gehen nach links."
"10","Schauspieler","TEUFEL","1","Ihr sollt für immer in die “Kammer der Qualen"" verbannt werden. Dort sollt ihr schlottern und verharren."
"10","Schauspieler","LILLITH","4","Habt Gnade, großer Höllenfürst. Ich flehe euch an."
"10","Schauspieler","ASMODIA","7","Wir haben euch irgendwie ja auch geholfen."
"10","Anweisung","","","GABRIEL kommt von hinten. Die Bühne erhellt sich wieder."
"10","Schauspieler","GABRIEL","9","Da habt ihr es gerade noch einmal geschafft, Luzifer."
"10","Schauspieler","TEUFEL","1","Selbstverständlich. Was habt ihr denn gedacht?"
"10","Schauspieler","GABRIEL","9","Nunja, ich habe mitbekommen, ihr hattet etwas himmlische Hilfe."
"10","Schauspieler","TEUFEL","1","Untersteht euch, als ob ich Hilfe aus dem Himmel nötig hätte. Das waren,..."
"10","Schauspieler","LILLITH","4","Wir! Wir haben es geschafft, die Hölle zu retten."
"10","Schauspieler","GABRIEL","9","Nun, die Geschichte schreiben am Ende bekanntlich immer die Sieger. So achtet darauf, dass das Gleichgewicht gewahrt bleibt, sonst sehen wir uns bald wieder. Gehabt euch wohl."
"10","Anweisung","","","GABRIEL geht nach hinten ab."
"10","Schauspieler","LILLITH","4","Ihr könnt die Heldinnen der Hölle jetzt leider nicht mehr in die “Kammer der Qualen sperren”."
"10","Schauspieler","MAMMONIA","8","Ich fürchte leider, sie haben damit Recht, Chef."
"10","Schauspieler","TEUFEL","1","Ist das so? Nunja, dann will ich euch mit einer ehrenvolle Rolle belohnen."
"10","Schauspieler","LILLITH","4","Oh, welch große Ehre."
"10","Schauspieler","MAMMONIA","8","An was denkt ihr da?"
"10","Schauspieler","TEUFEL","1","(grinst fies) Wartets ab."
"10","Anweisung","","","Das Licht geht aus. ALLE gehen nach links und rechts ab."
"11","Szenenbeginn","","",""
"11","Anweisung","","","Auf der Bühne stehen zwei Liegen. Auf der einen liegt LUCY und auf der anderen der ENGEL."
"11","Schauspieler","ENGEL","3","Ich muss sagen, hier in der Hölle ist es tatsächlich gar nicht so übel."
"11","Schauspieler","LUCY","2","Warte, es wird noch besser. (klatscht) Beelzebub!"
"11","Anweisung","","","BEELZEBUB kommt von links und trägt ein Tablett mit zwei Cocktails. Er gibt jeweils einen davon dem ENGEL und LUCY."
"11","Schauspieler","ENGEL","3","So kann man es hier wirklich aushalten. Eine kühle Brise und niemand spielt Flöte. Einfach herrlich."
"11","Schauspieler","LUCY","2","(zu ASMODIA) Los schneller. Mir ist wirklich heiß."
"11","Schauspieler","ASMODIA","7","(zerknirscht) Jawohl Herrin."
"11","Schauspieler","LUCY","2","Willst du denn gar nicht mehr zurück?"
"11","Schauspieler","ENGEL","3","Och, ich genieße den Sonderurlaub hier. Als Engel rettet man nicht jeden Tag die Hölle."
"11","Schauspieler","LUCY","2","(lacht) Das stimmt allerdings."
"11","Schauspieler","ENGEL","3","Was ist eigentlich diese tibetische Schläfenmassage von der du mir erzählt hast?"
"11","Schauspieler","LUCY","2","Oh, du wirst es lieben. Lillith!"
"11","Schauspieler","LILLITH","4","Jawohl Herrin."
"11","Anweisung","","","LILLITH stellt den Fächer weg und beginnt mit der Schläfenmassage."
"11","Schauspieler","ENGEL","3","Uhh,... ich fühle mich wie im Himmel."
"11","Anweisung","","","ENDE"